-- MySQL dump 10.13  Distrib 9.3.0, for macos14.7 (x86_64)
--
-- Host: localhost    Database: banking
-- ------------------------------------------------------
-- Server version	8.0.40

/*!40101 SET @OLD_CHARACTER_SET_CLIENT=@@CHARACTER_SET_CLIENT */;
/*!40101 SET @OLD_CHARACTER_SET_RESULTS=@@CHARACTER_SET_RESULTS */;
/*!40101 SET @OLD_COLLATION_CONNECTION=@@COLLATION_CONNECTION */;
/*!50503 SET NAMES utf8mb4 */;
/*!40103 SET @OLD_TIME_ZONE=@@TIME_ZONE */;
/*!40103 SET TIME_ZONE='+00:00' */;
/*!40014 SET @OLD_UNIQUE_CHECKS=@@UNIQUE_CHECKS, UNIQUE_CHECKS=0 */;
/*!40014 SET @OLD_FOREIGN_KEY_CHECKS=@@FOREIGN_KEY_CHECKS, FOREIGN_KEY_CHECKS=0 */;
/*!40101 SET @OLD_SQL_MODE=@@SQL_MODE, SQL_MODE='NO_AUTO_VALUE_ON_ZERO' */;
/*!40111 SET @OLD_SQL_NOTES=@@SQL_NOTES, SQL_NOTES=0 */;

--
-- Table structure for table `account`
--

DROP TABLE IF EXISTS `account`;
/*!40101 SET @saved_cs_client     = @@character_set_client */;
/*!50503 SET character_set_client = utf8mb4 */;
CREATE TABLE `account` (
  `account_id` int NOT NULL AUTO_INCREMENT,
  `account_number` varchar(50) NOT NULL,
  `balance` bigint NOT NULL,
  `name` varchar(50) NOT NULL,
  `bank_id` int NOT NULL,
  PRIMARY KEY (`account_id`),
  UNIQUE KEY `account_number` (`account_number`),
  KEY `bank_id` (`bank_id`),
  CONSTRAINT `account_ibfk_1` FOREIGN KEY (`bank_id`) REFERENCES `bank` (`bank_id`)
) ENGINE=InnoDB AUTO_INCREMENT=16 DEFAULT CHARSET=utf8mb4 COLLATE=utf8mb4_0900_ai_ci;
/*!40101 SET character_set_client = @saved_cs_client */;

--
-- Dumping data for table `account`
--

LOCK TABLES `account` WRITE;
/*!40000 ALTER TABLE `account` DISABLE KEYS */;
INSERT INTO `account` VALUES (1,'11111111111',4942919881,'박준현',10),(2,'11111111112',5000087333,'박준현',10),(3,'11111111113',5000291200,'임지혁',10),(4,'11111111114',5000291150,'임지혁',10),(5,'22222222222',24128685,'김민준',10),(6,'33333333333',19882825,'이서연',20),(7,'44444444444',3546447,'박지우',20),(8,'55555555555',71809,'최예린',10),(9,'66666666666',3742983,'정현우',20),(10,'77777777777',888,'강지아',20),(11,'88888888888',2732976,'황승현',10),(12,'99999999999',968,'임소율',10),(13,'99999999910',3445920,'송도윤',20),(14,'20000000000',71674,'한주원',20),(15,'98765432112',10013521,'집계 사장',10);
/*!40000 ALTER TABLE `account` ENABLE KEYS */;
UNLOCK TABLES;

--
-- Table structure for table `authentication`
--

DROP TABLE IF EXISTS `authentication`;
/*!40101 SET @saved_cs_client     = @@character_set_client */;
/*!50503 SET character_set_client = utf8mb4 */;
CREATE TABLE `authentication` (
  `authentication_id` int NOT NULL AUTO_INCREMENT,
  `email` varchar(50) NOT NULL,
  `pin_number` varchar(50) NOT NULL,
  `secret_key` varchar(150) NOT NULL,
  PRIMARY KEY (`authentication_id`),
  UNIQUE KEY `email` (`email`)
) ENGINE=InnoDB AUTO_INCREMENT=3 DEFAULT CHARSET=utf8mb4 COLLATE=utf8mb4_0900_ai_ci;
/*!40101 SET character_set_client = @saved_cs_client */;

--
-- Dumping data for table `authentication`
--

LOCK TABLES `authentication` WRITE;
/*!40000 ALTER TABLE `authentication` DISABLE KEYS */;
INSERT INTO `authentication` VALUES (1,'j525252p@gmail.com','123456','1'),(2,'kpaasteacher@gmail.com','123456','1');
/*!40000 ALTER TABLE `authentication` ENABLE KEYS */;
UNLOCK TABLES;

--
-- Table structure for table `bank`
--

DROP TABLE IF EXISTS `bank`;
/*!40101 SET @saved_cs_client     = @@character_set_client */;
/*!50503 SET character_set_client = utf8mb4 */;
CREATE TABLE `bank` (
  `bank_id` int NOT NULL AUTO_INCREMENT,
  `bank_code` varchar(50) NOT NULL,
  `bank_name` varchar(50) NOT NULL,
  PRIMARY KEY (`bank_id`)
) ENGINE=InnoDB AUTO_INCREMENT=27 DEFAULT CHARSET=utf8mb4 COLLATE=utf8mb4_0900_ai_ci;
/*!40101 SET character_set_client = @saved_cs_client */;

--
-- Dumping data for table `bank`
--

LOCK TABLES `bank` WRITE;
/*!40000 ALTER TABLE `bank` DISABLE KEYS */;
INSERT INTO `bank` VALUES (1,'039','경남은행'),(2,'034','광주은행'),(3,'012','단위농협(지역농축협)'),(4,'032','부산은행'),(5,'045','새마을금고'),(6,'064','산림조합'),(7,'088','신한은행'),(8,'048','신협'),(9,'027','씨티은행'),(10,'020','우리은행'),(11,'071','우체국예금보험'),(12,'050','저축은행중앙회'),(13,'037','전북은행'),(14,'035','제주은행'),(15,'090','카카오뱅크'),(16,'089','케이뱅크'),(17,'092','토스뱅크'),(18,'081','하나은행'),(19,'054','홍콩상하이은행'),(20,'003','IBK기업은행'),(21,'004','KB국민은행'),(22,'031','DGB대구은행'),(23,'002','KDB산업은행'),(24,'011','NH농협은행'),(25,'023','SC제일은행'),(26,'007','Sh수협은행');
/*!40000 ALTER TABLE `bank` ENABLE KEYS */;
UNLOCK TABLES;

--
-- Table structure for table `business_number`
--

DROP TABLE IF EXISTS `business_number`;
/*!40101 SET @saved_cs_client     = @@character_set_client */;
/*!50503 SET character_set_client = utf8mb4 */;
CREATE TABLE `business_number` (
  `bs_id` int NOT NULL AUTO_INCREMENT,
  `business_number` varchar(50) NOT NULL,
  PRIMARY KEY (`bs_id`)
) ENGINE=InnoDB AUTO_INCREMENT=5 DEFAULT CHARSET=utf8mb4 COLLATE=utf8mb4_0900_ai_ci;
/*!40101 SET character_set_client = @saved_cs_client */;

--
-- Dumping data for table `business_number`
--

LOCK TABLES `business_number` WRITE;
/*!40000 ALTER TABLE `business_number` DISABLE KEYS */;
INSERT INTO `business_number` VALUES (1,'1111111111'),(2,'1111111112'),(3,'1111111113'),(4,'1111111114');
/*!40000 ALTER TABLE `business_number` ENABLE KEYS */;
UNLOCK TABLES;

--
-- Table structure for table `classfication`
--

DROP TABLE IF EXISTS `classfication`;
/*!40101 SET @saved_cs_client     = @@character_set_client */;
/*!50503 SET character_set_client = utf8mb4 */;
CREATE TABLE `classfication` (
  `classfication_id` int NOT NULL AUTO_INCREMENT,
  `classfication_name` varchar(50) NOT NULL,
  PRIMARY KEY (`classfication_id`)
) ENGINE=InnoDB AUTO_INCREMENT=27 DEFAULT CHARSET=utf8mb4 COLLATE=utf8mb4_0900_ai_ci;
/*!40101 SET character_set_client = @saved_cs_client */;

--
-- Dumping data for table `classfication`
--

LOCK TABLES `classfication` WRITE;
/*!40000 ALTER TABLE `classfication` DISABLE KEYS */;
INSERT INTO `classfication` VALUES (1,'거래처 대금 지급'),(2,'임대료/관리비 지급'),(3,'직원 급여 이체'),(4,'4대보험료 납부'),(5,'세금 납부'),(6,'공과금 납부'),(7,'일일 매출 입금'),(8,'카드 매출 정산금'),(9,'현금 매출 입금'),(10,'온라인 결제 정산'),(11,'배달앱 정산금'),(12,'정부지원금 입금'),(13,'식비'),(14,'지출 관련'),(15,'재료/원자재 구매'),(16,'사무용품 구입'),(17,'업무용 장비 구매'),(18,'비품 구입'),(19,'광고/마케팅 비용'),(20,'배달앱 수수료 결제'),(21,'부가가치세 납부'),(22,'종합소득세 납부'),(23,'상가 보험료'),(24,'POS 사용료'),(25,'카드단말기 수수료'),(26,'급료 입금');
/*!40000 ALTER TABLE `classfication` ENABLE KEYS */;
UNLOCK TABLES;

--
-- Table structure for table `transaction_history`
--

DROP TABLE IF EXISTS `transaction_history`;
/*!40101 SET @saved_cs_client     = @@character_set_client */;
/*!50503 SET character_set_client = utf8mb4 */;
CREATE TABLE `transaction_history` (
  `th_id` int NOT NULL AUTO_INCREMENT,
  `is_deposit` tinyint(1) NOT NULL,
  `transaction_date` date NOT NULL,
  `transaction_type` varchar(50) NOT NULL,
  `amount` bigint NOT NULL,
  `account_id` int DEFAULT NULL,
  `classfication_id` int DEFAULT NULL,
  `counterparty_name` varchar(100) DEFAULT NULL,
  PRIMARY KEY (`th_id`),
  KEY `account_id` (`account_id`),
  KEY `classfication_id` (`classfication_id`),
  CONSTRAINT `transaction_history_ibfk_1` FOREIGN KEY (`account_id`) REFERENCES `account` (`account_id`),
  CONSTRAINT `transaction_history_ibfk_2` FOREIGN KEY (`classfication_id`) REFERENCES `classfication` (`classfication_id`)
) ENGINE=InnoDB AUTO_INCREMENT=385 DEFAULT CHARSET=utf8mb4 COLLATE=utf8mb4_0900_ai_ci;
/*!40101 SET character_set_client = @saved_cs_client */;

--
-- Dumping data for table `transaction_history`
--

LOCK TABLES `transaction_history` WRITE;
/*!40000 ALTER TABLE `transaction_history` DISABLE KEYS */;
INSERT INTO `transaction_history` VALUES (1,0,'2025-05-09','이체',8910,1,3,'김민준'),(2,1,'2025-05-09','입금',8910,5,26,'박준현'),(3,0,'2025-05-09','이체',8910,1,3,'김민준'),(4,1,'2025-05-09','입금',8910,5,26,'박준현'),(5,0,'2025-05-09','이체',8910,1,3,'김민준'),(6,1,'2025-05-09','입금',8910,5,26,'박준현'),(7,0,'2025-05-09','이체',8910,1,3,'김민준'),(8,1,'2025-05-09','입금',8910,5,26,'박준현'),(9,0,'2025-05-09','이체',8910,1,3,'김민준'),(10,1,'2025-05-09','입금',8910,5,26,'박준현'),(11,0,'2025-05-09','이체',8910,1,3,'김민준'),(12,1,'2025-05-09','입금',8910,5,26,'박준현'),(13,0,'2025-05-09','이체',8910,1,3,'김민준'),(14,1,'2025-05-09','입금',8910,5,26,'박준현'),(15,0,'2025-05-09','이체',8910,1,3,'김민준'),(16,1,'2025-05-09','입금',8910,5,26,'박준현'),(17,0,'2025-05-09','이체',8910,1,3,'김민준'),(18,1,'2025-05-09','입금',8910,5,26,'박준현'),(19,0,'2025-05-09','이체',8910,1,3,'김민준'),(20,1,'2025-05-09','입금',8910,5,26,'박준현'),(21,0,'2025-05-09','이체',8910,1,3,'김민준'),(22,1,'2025-05-09','입금',8910,5,26,'박준현'),(23,0,'2025-05-10','이체',8910,1,3,'김민준'),(24,1,'2025-05-10','입금',8910,5,26,'박준현'),(25,0,'2025-05-10','이체',8910,1,3,'김민준'),(26,1,'2025-05-10','입금',8910,5,26,'박준현'),(27,0,'2025-05-12','이체',8910,1,3,'김민준'),(28,1,'2025-05-12','입금',8910,5,26,'박준현'),(29,0,'2025-05-12','이체',8910,1,3,'김민준'),(30,1,'2025-05-12','입금',8910,5,26,'박준현'),(31,0,'2025-05-12','이체',8910,1,3,'김민준'),(32,1,'2025-05-12','입금',8910,5,26,'박준현'),(33,0,'2025-05-12','이체',8910,1,3,'김민준'),(34,1,'2025-05-12','입금',8910,5,26,'박준현'),(35,0,'2025-05-12','이체',8910,1,3,'김민준'),(36,1,'2025-05-12','입금',8910,5,26,'박준현'),(37,0,'2025-05-12','이체',8910,1,3,'김민준'),(38,1,'2025-05-12','입금',8910,5,26,'박준현'),(39,0,'2025-05-12','이체',8910,1,3,'김민준'),(40,1,'2025-05-12','입금',8910,5,26,'박준현'),(41,0,'2025-05-12','이체',8910,1,3,'김민준'),(42,1,'2025-05-12','입금',8910,5,26,'박준현'),(43,0,'2025-05-12','이체',8910,1,3,'김민준'),(44,1,'2025-05-12','입금',8910,5,26,'박준현'),(45,0,'2025-05-12','이체',8910,1,3,'김민준'),(46,1,'2025-05-12','입금',8910,5,26,'박준현'),(47,0,'2025-05-12','이체',8,1,3,'집계 사장'),(48,1,'2025-05-12','입금',8,15,26,'박준현'),(49,0,'2025-05-12','이체',8910,1,3,'이서연'),(50,1,'2025-05-12','입금',8910,6,26,'박준현'),(51,0,'2025-05-12','이체',8,1,3,'집계 사장'),(52,1,'2025-05-12','입금',8,15,26,'박준현'),(53,0,'2025-05-12','이체',386181,1,3,'박지우'),(54,1,'2025-05-12','입금',386181,7,26,'박준현'),(55,0,'2025-05-12','이체',386,1,3,'집계 사장'),(56,1,'2025-05-12','입금',386,15,26,'박준현'),(57,0,'2025-05-12','이체',98,1,3,'최예린'),(58,1,'2025-05-12','입금',98,8,26,'박준현'),(59,0,'2025-05-12','이체',0,1,3,'집계 사장'),(60,1,'2025-05-12','입금',0,15,26,'박준현'),(61,0,'2025-05-12','이체',415887,1,3,'정현우'),(62,1,'2025-05-12','입금',415887,9,26,'박준현'),(63,0,'2025-05-12','이체',415,1,3,'집계 사장'),(64,1,'2025-05-12','입금',415,15,26,'박준현'),(65,0,'2025-05-12','이체',111,1,3,'강지아'),(66,1,'2025-05-12','입금',111,10,26,'박준현'),(67,0,'2025-05-12','이체',0,1,3,'집계 사장'),(68,1,'2025-05-12','입금',0,15,26,'박준현'),(69,0,'2025-05-12','이체',341622,1,3,'황승현'),(70,1,'2025-05-12','입금',341622,11,26,'박준현'),(71,0,'2025-05-12','이체',341,1,3,'집계 사장'),(72,1,'2025-05-12','입금',341,15,26,'박준현'),(73,0,'2025-05-12','이체',121,1,3,'임소율'),(74,1,'2025-05-12','입금',121,12,26,'박준현'),(75,0,'2025-05-12','이체',0,1,3,'집계 사장'),(76,1,'2025-05-12','입금',0,15,26,'박준현'),(77,0,'2025-05-12','이체',430740,1,3,'송도윤'),(78,1,'2025-05-12','입금',430740,13,26,'박준현'),(79,0,'2025-05-12','이체',430,1,3,'집계 사장'),(80,1,'2025-05-12','입금',430,15,26,'박준현'),(81,0,'2025-05-12','이체',94,1,3,'한주원'),(82,1,'2025-05-12','입금',94,14,26,'박준현'),(83,0,'2025-05-12','이체',0,1,3,'집계 사장'),(84,1,'2025-05-12','입금',0,15,26,'박준현'),(85,0,'2025-05-12','이체',8910,1,3,'김민준'),(86,1,'2025-05-12','입금',8910,5,26,'박준현'),(87,0,'2025-05-12','이체',8,1,3,'집계 사장'),(88,1,'2025-05-12','입금',8,15,26,'박준현'),(89,0,'2025-05-12','이체',8910,1,3,'이서연'),(90,1,'2025-05-12','입금',8910,6,26,'박준현'),(91,0,'2025-05-12','이체',8,1,3,'집계 사장'),(92,1,'2025-05-12','입금',8,15,26,'박준현'),(93,0,'2025-05-12','이체',386181,1,3,'박지우'),(94,1,'2025-05-12','입금',386181,7,26,'박준현'),(95,0,'2025-05-12','이체',386,1,3,'집계 사장'),(96,1,'2025-05-12','입금',386,15,26,'박준현'),(97,0,'2025-05-12','이체',98,1,3,'최예린'),(98,1,'2025-05-12','입금',98,8,26,'박준현'),(99,0,'2025-05-12','이체',0,1,3,'집계 사장'),(100,1,'2025-05-12','입금',0,15,26,'박준현'),(101,0,'2025-05-12','이체',415887,1,3,'정현우'),(102,1,'2025-05-12','입금',415887,9,26,'박준현'),(103,0,'2025-05-12','이체',415,1,3,'집계 사장'),(104,1,'2025-05-12','입금',415,15,26,'박준현'),(105,0,'2025-05-12','이체',111,1,3,'강지아'),(106,1,'2025-05-12','입금',111,10,26,'박준현'),(107,0,'2025-05-12','이체',0,1,3,'집계 사장'),(108,1,'2025-05-12','입금',0,15,26,'박준현'),(109,0,'2025-05-12','이체',341622,1,3,'황승현'),(110,1,'2025-05-12','입금',341622,11,26,'박준현'),(111,0,'2025-05-12','이체',341,1,3,'집계 사장'),(112,1,'2025-05-12','입금',341,15,26,'박준현'),(113,0,'2025-05-12','이체',121,1,3,'임소율'),(114,1,'2025-05-12','입금',121,12,26,'박준현'),(115,0,'2025-05-12','이체',0,1,3,'집계 사장'),(116,1,'2025-05-12','입금',0,15,26,'박준현'),(117,0,'2025-05-12','이체',430740,1,3,'송도윤'),(118,1,'2025-05-12','입금',430740,13,26,'박준현'),(119,0,'2025-05-12','이체',430,1,3,'집계 사장'),(120,1,'2025-05-12','입금',430,15,26,'박준현'),(121,0,'2025-05-12','이체',94,1,3,'한주원'),(122,1,'2025-05-12','입금',94,14,26,'박준현'),(123,0,'2025-05-12','이체',0,1,3,'집계 사장'),(124,1,'2025-05-12','입금',0,15,26,'박준현'),(125,0,'2025-05-12','이체',8910,1,3,'김민준'),(126,1,'2025-05-12','입금',8910,5,26,'박준현'),(127,0,'2025-05-12','이체',8,1,3,'집계 사장'),(128,1,'2025-05-12','입금',8,15,26,'박준현'),(129,0,'2025-05-12','이체',8910,1,3,'이서연'),(130,1,'2025-05-12','입금',8910,6,26,'박준현'),(131,0,'2025-05-12','이체',8,1,3,'집계 사장'),(132,1,'2025-05-12','입금',8,15,26,'박준현'),(133,0,'2025-05-12','이체',386181,1,3,'박지우'),(134,1,'2025-05-12','입금',386181,7,26,'박준현'),(135,0,'2025-05-12','이체',386,1,3,'집계 사장'),(136,1,'2025-05-12','입금',386,15,26,'박준현'),(137,0,'2025-05-12','이체',98,1,3,'최예린'),(138,1,'2025-05-12','입금',98,8,26,'박준현'),(139,0,'2025-05-12','이체',0,1,3,'집계 사장'),(140,1,'2025-05-12','입금',0,15,26,'박준현'),(141,0,'2025-05-12','이체',415887,1,3,'정현우'),(142,1,'2025-05-12','입금',415887,9,26,'박준현'),(143,0,'2025-05-12','이체',415,1,3,'집계 사장'),(144,1,'2025-05-12','입금',415,15,26,'박준현'),(145,0,'2025-05-12','이체',111,1,3,'강지아'),(146,1,'2025-05-12','입금',111,10,26,'박준현'),(147,0,'2025-05-12','이체',0,1,3,'집계 사장'),(148,1,'2025-05-12','입금',0,15,26,'박준현'),(149,0,'2025-05-12','이체',341622,1,3,'황승현'),(150,1,'2025-05-12','입금',341622,11,26,'박준현'),(151,0,'2025-05-12','이체',341,1,3,'집계 사장'),(152,1,'2025-05-12','입금',341,15,26,'박준현'),(153,0,'2025-05-12','이체',121,1,3,'임소율'),(154,1,'2025-05-12','입금',121,12,26,'박준현'),(155,0,'2025-05-12','이체',0,1,3,'집계 사장'),(156,1,'2025-05-12','입금',0,15,26,'박준현'),(157,0,'2025-05-12','이체',430740,1,3,'송도윤'),(158,1,'2025-05-12','입금',430740,13,26,'박준현'),(159,0,'2025-05-12','이체',430,1,3,'집계 사장'),(160,1,'2025-05-12','입금',430,15,26,'박준현'),(161,0,'2025-05-12','이체',94,1,3,'한주원'),(162,1,'2025-05-12','입금',94,14,26,'박준현'),(163,0,'2025-05-12','이체',0,1,3,'집계 사장'),(164,1,'2025-05-12','입금',0,15,26,'박준현'),(165,0,'2025-05-12','이체',8910,1,3,'김민준'),(166,1,'2025-05-12','입금',8910,5,26,'박준현'),(167,0,'2025-05-12','이체',8,1,3,'집계 사장'),(168,1,'2025-05-12','입금',8,15,26,'박준현'),(169,0,'2025-05-12','이체',8910,1,3,'이서연'),(170,1,'2025-05-12','입금',8910,6,26,'박준현'),(171,0,'2025-05-12','이체',8,1,3,'집계 사장'),(172,1,'2025-05-12','입금',8,15,26,'박준현'),(173,0,'2025-05-12','이체',386181,1,3,'박지우'),(174,1,'2025-05-12','입금',386181,7,26,'박준현'),(175,0,'2025-05-12','이체',386,1,3,'집계 사장'),(176,1,'2025-05-12','입금',386,15,26,'박준현'),(177,0,'2025-05-12','이체',98,1,3,'최예린'),(178,1,'2025-05-12','입금',98,8,26,'박준현'),(179,0,'2025-05-12','이체',0,1,3,'집계 사장'),(180,1,'2025-05-12','입금',0,15,26,'박준현'),(181,0,'2025-05-12','이체',415887,1,3,'정현우'),(182,1,'2025-05-12','입금',415887,9,26,'박준현'),(183,0,'2025-05-12','이체',415,1,3,'집계 사장'),(184,1,'2025-05-12','입금',415,15,26,'박준현'),(185,0,'2025-05-12','이체',111,1,3,'강지아'),(186,1,'2025-05-12','입금',111,10,26,'박준현'),(187,0,'2025-05-12','이체',0,1,3,'집계 사장'),(188,1,'2025-05-12','입금',0,15,26,'박준현'),(189,0,'2025-05-12','이체',341622,1,3,'황승현'),(190,1,'2025-05-12','입금',341622,11,26,'박준현'),(191,0,'2025-05-12','이체',341,1,3,'집계 사장'),(192,1,'2025-05-12','입금',341,15,26,'박준현'),(193,0,'2025-05-12','이체',121,1,3,'임소율'),(194,1,'2025-05-12','입금',121,12,26,'박준현'),(195,0,'2025-05-12','이체',0,1,3,'집계 사장'),(196,1,'2025-05-12','입금',0,15,26,'박준현'),(197,0,'2025-05-12','이체',430740,1,3,'송도윤'),(198,1,'2025-05-12','입금',430740,13,26,'박준현'),(199,0,'2025-05-12','이체',430,1,3,'집계 사장'),(200,1,'2025-05-12','입금',430,15,26,'박준현'),(201,0,'2025-05-12','이체',94,1,3,'한주원'),(202,1,'2025-05-12','입금',94,14,26,'박준현'),(203,0,'2025-05-12','이체',0,1,3,'집계 사장'),(204,1,'2025-05-12','입금',0,15,26,'박준현'),(205,0,'2025-05-12','이체',8910,1,3,'김민준'),(206,1,'2025-05-12','입금',8910,5,26,'박준현'),(207,0,'2025-05-12','이체',8,1,3,'집계 사장'),(208,1,'2025-05-12','입금',8,15,26,'박준현'),(209,0,'2025-05-12','이체',8910,1,3,'이서연'),(210,1,'2025-05-12','입금',8910,6,26,'박준현'),(211,0,'2025-05-12','이체',8,1,3,'집계 사장'),(212,1,'2025-05-12','입금',8,15,26,'박준현'),(213,0,'2025-05-12','이체',386181,1,3,'박지우'),(214,1,'2025-05-12','입금',386181,7,26,'박준현'),(215,0,'2025-05-12','이체',386,1,3,'집계 사장'),(216,1,'2025-05-12','입금',386,15,26,'박준현'),(217,0,'2025-05-12','이체',98,1,3,'최예린'),(218,1,'2025-05-12','입금',98,8,26,'박준현'),(219,0,'2025-05-12','이체',0,1,3,'집계 사장'),(220,1,'2025-05-12','입금',0,15,26,'박준현'),(221,0,'2025-05-12','이체',415887,1,3,'정현우'),(222,1,'2025-05-12','입금',415887,9,26,'박준현'),(223,0,'2025-05-12','이체',415,1,3,'집계 사장'),(224,1,'2025-05-12','입금',415,15,26,'박준현'),(225,0,'2025-05-12','이체',111,1,3,'강지아'),(226,1,'2025-05-12','입금',111,10,26,'박준현'),(227,0,'2025-05-12','이체',0,1,3,'집계 사장'),(228,1,'2025-05-12','입금',0,15,26,'박준현'),(229,0,'2025-05-12','이체',341622,1,3,'황승현'),(230,1,'2025-05-12','입금',341622,11,26,'박준현'),(231,0,'2025-05-12','이체',341,1,3,'집계 사장'),(232,1,'2025-05-12','입금',341,15,26,'박준현'),(233,0,'2025-05-12','이체',121,1,3,'임소율'),(234,1,'2025-05-12','입금',121,12,26,'박준현'),(235,0,'2025-05-12','이체',0,1,3,'집계 사장'),(236,1,'2025-05-12','입금',0,15,26,'박준현'),(237,0,'2025-05-12','이체',430740,1,3,'송도윤'),(238,1,'2025-05-12','입금',430740,13,26,'박준현'),(239,0,'2025-05-12','이체',430,1,3,'집계 사장'),(240,1,'2025-05-12','입금',430,15,26,'박준현'),(241,0,'2025-05-12','이체',94,1,3,'한주원'),(242,1,'2025-05-12','입금',94,14,26,'박준현'),(243,0,'2025-05-12','이체',0,1,3,'집계 사장'),(244,1,'2025-05-12','입금',0,15,26,'박준현'),(245,0,'2025-05-12','이체',8910,1,3,'김민준'),(246,1,'2025-05-12','입금',8910,5,26,'박준현'),(247,0,'2025-05-12','이체',8,1,3,'집계 사장'),(248,1,'2025-05-12','입금',8,15,26,'박준현'),(249,0,'2025-05-12','이체',8910,1,3,'이서연'),(250,1,'2025-05-12','입금',8910,6,26,'박준현'),(251,0,'2025-05-12','이체',8,1,3,'집계 사장'),(252,1,'2025-05-12','입금',8,15,26,'박준현'),(253,0,'2025-05-12','이체',386181,1,3,'박지우'),(254,1,'2025-05-12','입금',386181,7,26,'박준현'),(255,0,'2025-05-12','이체',386,1,3,'집계 사장'),(256,1,'2025-05-12','입금',386,15,26,'박준현'),(257,0,'2025-05-12','이체',98,1,3,'최예린'),(258,1,'2025-05-12','입금',98,8,26,'박준현'),(259,0,'2025-05-12','이체',0,1,3,'집계 사장'),(260,1,'2025-05-12','입금',0,15,26,'박준현'),(261,0,'2025-05-12','이체',415887,1,3,'정현우'),(262,1,'2025-05-12','입금',415887,9,26,'박준현'),(263,0,'2025-05-12','이체',415,1,3,'집계 사장'),(264,1,'2025-05-12','입금',415,15,26,'박준현'),(265,0,'2025-05-12','이체',111,1,3,'강지아'),(266,1,'2025-05-12','입금',111,10,26,'박준현'),(267,0,'2025-05-12','이체',0,1,3,'집계 사장'),(268,1,'2025-05-12','입금',0,15,26,'박준현'),(269,0,'2025-05-12','이체',341622,1,3,'황승현'),(270,1,'2025-05-12','입금',341622,11,26,'박준현'),(271,0,'2025-05-12','이체',341,1,3,'집계 사장'),(272,1,'2025-05-12','입금',341,15,26,'박준현'),(273,0,'2025-05-12','이체',121,1,3,'임소율'),(274,1,'2025-05-12','입금',121,12,26,'박준현'),(275,0,'2025-05-12','이체',0,1,3,'집계 사장'),(276,1,'2025-05-12','입금',0,15,26,'박준현'),(277,0,'2025-05-12','이체',430740,1,3,'송도윤'),(278,1,'2025-05-12','입금',430740,13,26,'박준현'),(279,0,'2025-05-12','이체',430,1,3,'집계 사장'),(280,1,'2025-05-12','입금',430,15,26,'박준현'),(281,0,'2025-05-12','이체',94,1,3,'한주원'),(282,1,'2025-05-12','입금',94,14,26,'박준현'),(283,0,'2025-05-12','이체',0,1,3,'집계 사장'),(284,1,'2025-05-12','입금',0,15,26,'박준현'),(285,0,'2025-05-12','이체',8910,1,3,'김민준'),(286,1,'2025-05-12','입금',8910,5,26,'박준현'),(287,0,'2025-05-12','이체',8,1,3,'집계 사장'),(288,1,'2025-05-12','입금',8,15,26,'박준현'),(289,0,'2025-05-12','이체',8910,1,3,'이서연'),(290,1,'2025-05-12','입금',8910,6,26,'박준현'),(291,0,'2025-05-12','이체',8,1,3,'집계 사장'),(292,1,'2025-05-12','입금',8,15,26,'박준현'),(293,0,'2025-05-12','이체',386181,1,3,'박지우'),(294,1,'2025-05-12','입금',386181,7,26,'박준현'),(295,0,'2025-05-12','이체',386,1,3,'집계 사장'),(296,1,'2025-05-12','입금',386,15,26,'박준현'),(297,0,'2025-05-12','이체',98,1,3,'최예린'),(298,1,'2025-05-12','입금',98,8,26,'박준현'),(299,0,'2025-05-12','이체',0,1,3,'집계 사장'),(300,1,'2025-05-12','입금',0,15,26,'박준현'),(301,0,'2025-05-12','이체',415887,1,3,'정현우'),(302,1,'2025-05-12','입금',415887,9,26,'박준현'),(303,0,'2025-05-12','이체',415,1,3,'집계 사장'),(304,1,'2025-05-12','입금',415,15,26,'박준현'),(305,0,'2025-06-30','이체',8910,1,3,'김민준'),(306,1,'2025-06-30','입금',8910,5,26,'박준현'),(307,0,'2025-06-30','이체',8,1,3,'집계 사장'),(308,1,'2025-06-30','입금',8,15,26,'박준현'),(309,0,'2025-06-30','이체',8910,1,3,'이서연'),(310,1,'2025-06-30','입금',8910,6,26,'박준현'),(311,0,'2025-06-30','이체',8,1,3,'집계 사장'),(312,1,'2025-06-30','입금',8,15,26,'박준현'),(313,0,'2025-06-30','이체',386181,1,3,'박지우'),(314,1,'2025-06-30','입금',386181,7,26,'박준현'),(315,0,'2025-06-30','이체',386,1,3,'집계 사장'),(316,1,'2025-06-30','입금',386,15,26,'박준현'),(317,0,'2025-06-30','이체',98,1,3,'최예린'),(318,1,'2025-06-30','입금',98,8,26,'박준현'),(319,0,'2025-06-30','이체',0,1,3,'집계 사장'),(320,1,'2025-06-30','입금',0,15,26,'박준현'),(321,0,'2025-06-30','이체',415887,1,3,'정현우'),(322,1,'2025-06-30','입금',415887,9,26,'박준현'),(323,0,'2025-06-30','이체',415,1,3,'집계 사장'),(324,1,'2025-06-30','입금',415,15,26,'박준현'),(325,0,'2025-06-30','이체',111,1,3,'강지아'),(326,1,'2025-06-30','입금',111,10,26,'박준현'),(327,0,'2025-06-30','이체',0,1,3,'집계 사장'),(328,1,'2025-06-30','입금',0,15,26,'박준현'),(329,0,'2025-06-30','이체',341622,1,3,'황승현'),(330,1,'2025-06-30','입금',341622,11,26,'박준현'),(331,0,'2025-06-30','이체',341,1,3,'집계 사장'),(332,1,'2025-06-30','입금',341,15,26,'박준현'),(333,0,'2025-06-30','이체',121,1,3,'임소율'),(334,1,'2025-06-30','입금',121,12,26,'박준현'),(335,0,'2025-06-30','이체',0,1,3,'집계 사장'),(336,1,'2025-06-30','입금',0,15,26,'박준현'),(337,0,'2025-06-30','이체',430740,1,3,'송도윤'),(338,1,'2025-06-30','입금',430740,13,26,'박준현'),(339,0,'2025-06-30','이체',430,1,3,'집계 사장'),(340,1,'2025-06-30','입금',430,15,26,'박준현'),(341,0,'2025-06-30','이체',94,1,3,'한주원'),(342,1,'2025-06-30','입금',94,14,26,'박준현'),(343,0,'2025-06-30','이체',0,1,3,'집계 사장'),(344,1,'2025-06-30','입금',0,15,26,'박준현'),(345,0,'2025-06-30','이체',8910,1,3,'김민준'),(346,1,'2025-06-30','입금',8910,5,26,'박준현'),(347,0,'2025-06-30','이체',8,1,3,'집계 사장'),(348,1,'2025-06-30','입금',8,15,26,'박준현'),(349,0,'2025-06-30','이체',8910,1,3,'이서연'),(350,1,'2025-06-30','입금',8910,6,26,'박준현'),(351,0,'2025-06-30','이체',8,1,3,'집계 사장'),(352,1,'2025-06-30','입금',8,15,26,'박준현'),(353,0,'2025-06-30','이체',386181,1,3,'박지우'),(354,1,'2025-06-30','입금',386181,7,26,'박준현'),(355,0,'2025-06-30','이체',386,1,3,'집계 사장'),(356,1,'2025-06-30','입금',386,15,26,'박준현'),(357,0,'2025-06-30','이체',98,1,3,'최예린'),(358,1,'2025-06-30','입금',98,8,26,'박준현'),(359,0,'2025-06-30','이체',0,1,3,'집계 사장'),(360,1,'2025-06-30','입금',0,15,26,'박준현'),(361,0,'2025-06-30','이체',415887,1,3,'정현우'),(362,1,'2025-06-30','입금',415887,9,26,'박준현'),(363,0,'2025-06-30','이체',415,1,3,'집계 사장'),(364,1,'2025-06-30','입금',415,15,26,'박준현'),(365,0,'2025-06-30','이체',111,1,3,'강지아'),(366,1,'2025-06-30','입금',111,10,26,'박준현'),(367,0,'2025-06-30','이체',0,1,3,'집계 사장'),(368,1,'2025-06-30','입금',0,15,26,'박준현'),(369,0,'2025-06-30','이체',341622,1,3,'황승현'),(370,1,'2025-06-30','입금',341622,11,26,'박준현'),(371,0,'2025-06-30','이체',341,1,3,'집계 사장'),(372,1,'2025-06-30','입금',341,15,26,'박준현'),(373,0,'2025-06-30','이체',121,1,3,'임소율'),(374,1,'2025-06-30','입금',121,12,26,'박준현'),(375,0,'2025-06-30','이체',0,1,3,'집계 사장'),(376,1,'2025-06-30','입금',0,15,26,'박준현'),(377,0,'2025-06-30','이체',430740,1,3,'송도윤'),(378,1,'2025-06-30','입금',430740,13,26,'박준현'),(379,0,'2025-06-30','이체',430,1,3,'집계 사장'),(380,1,'2025-06-30','입금',430,15,26,'박준현'),(381,0,'2025-06-30','이체',94,1,3,'한주원'),(382,1,'2025-06-30','입금',94,14,26,'박준현'),(383,0,'2025-06-30','이체',0,1,3,'집계 사장'),(384,1,'2025-06-30','입금',0,15,26,'박준현');
/*!40000 ALTER TABLE `transaction_history` ENABLE KEYS */;
UNLOCK TABLES;
/*!40103 SET TIME_ZONE=@OLD_TIME_ZONE */;

/*!40101 SET SQL_MODE=@OLD_SQL_MODE */;
/*!40014 SET FOREIGN_KEY_CHECKS=@OLD_FOREIGN_KEY_CHECKS */;
/*!40014 SET UNIQUE_CHECKS=@OLD_UNIQUE_CHECKS */;
/*!40101 SET CHARACTER_SET_CLIENT=@OLD_CHARACTER_SET_CLIENT */;
/*!40101 SET CHARACTER_SET_RESULTS=@OLD_CHARACTER_SET_RESULTS */;
/*!40101 SET COLLATION_CONNECTION=@OLD_COLLATION_CONNECTION */;
/*!40111 SET SQL_NOTES=@OLD_SQL_NOTES */;

-- Dump completed on 2025-07-07 19:35:27
